SET
FOREIGN_KEY_CHECKS = 0;

-- Insert statements for Competition table
INSERT INTO Competition (Name)
VALUES ('Summer Tournament'),
       ('Winter Classic'),
       ('Spring Cup'),
       ('Arrow Showdown'),
       ('Bullseye Bash'),
       ('Target Triumph'),
       ('Archery Challenge'),
       ('Quiver Quest'),
       ('Golden Arrow Gala'),
       ('Bow Masters Tournament'),
       ('Flight of the Arrow'),
       ('Archers Rivalry'),
       ('Sagittarius Shootout'),
       ('Precision Pursuit'),
       ('Eagle Eye Invitational'),
       ('Aim for Glory Championship'),
       ('Robin Hood Rally'),
       ('Bow and Quiver Clash'),
       ('Bullseye Bonanza'),
       ('Archery Excellence Expo'),
       ('Arrow Ace Showcase'),
       ('Bowstring Battle'),
       ('Target Titans Tourney'),
       ('Cupids Challenge'),
       ('Archers Aim Fest'),
       ('Archery Apex Assembly'),
       ('Bullseye Brigade Bash'),
       ('Quiver Quest Championship'),
       ('Arrow Assault'),
       ('Golden Quiver Gala'),
       ('Bullseye Blitz'),
       ('Archery Olympiad'),
       ('Bow Brawl'),
       ('Flight of Champions'),
       ('Archery Armageddon'),
       ('Arrow Artistry Affair'),
       ('Target Triumph Tournament'),
       ('Quiver Quest Quest'),
       ('Golden Arrow Gathering'),
       ('Bullseye Battle Royale'),
       ('Archery Armory Assembly'),
       ('Sagittarius Showdown'),
       ('Precision Pursuit Gala'),
       ('Eagle Eye Extravaganza'),
       ('Aim for Glory Gala'),
       ('Robin Hood Revelry'),
       ('Bow and Quiver Qlash'),
       ('Bullseye Banquet'),
       ('Archery Adventure Affair'),
       ('Arrow Ace Assembly');

-- Insert statements for Class table
INSERT INTO Class (AgeGroup, Gender)
VALUES ('Adult', 'Male'),
       ('Youth', 'Female'),
       ('Junior', 'Male'),
       ('Open', 'Female'),
       ('Open', 'Male'),
       ('50+', 'Female'),
       ('50+', 'Male'),
       ('60+', 'Female'),
       ('60+', 'Male'),
       ('70+', 'Female'),
       ('70+', 'Male'),
       ('Under 21', 'Female'),
       ('Under 21', 'Male'),
       ('Under 18', 'Male'),
       ('Under 16', 'Female'),
       ('Under 16', 'Male'),
       ('Under 14', 'Female'),
       ('Under 14', 'Male');

-- Insert statements for Division table
INSERT INTO Division (Equipment)
VALUES ('Recurve'),
       ('Compound'),
       ('Recurve Barebow'),
       ('Compound Barebow'),
       ('Longbow');

-- Insert statements for Round table
INSERT INTO `Round` (Name, `Range`, TotalEnds, Face)
VALUES ('WA90/1440', 90, 6, 120),
       ('WA90/1440', 70, 6, 120),
       ('WA90/1440', 50, 6, 80),
       ('WA90/1440', 30, 6, 80),
       ('WA70/1440', 70, 6, 120),
       ('WA70/1440', 50, 6, 80),
       ('WA70/1440', 30, 6, 80),
       ('WA60/1440', 60, 6, 120),
       ('WA60/1440', 50, 6, 80),
       ('WA60/1440', 30, 6, 80),
       ('Junior Canberra', 35, 6, 120),
       ('Junior Canberra', 30, 6, 120),
       ('Junior Canberra', 25, 6, 80),
       ('Melbourne', 40, 6, 120),
       ('Melbourne', 35, 6, 120),
       ('Melbourne', 30, 6, 80),
       ('Long Sydney', 45, 6, 120),
       ('Long Sydney', 40, 6, 120),
       ('Long Sydney', 35, 6, 80),
       ('Sydney', 50, 6, 120),
       ('Sydney', 45, 6, 120),
       ('Sydney', 40, 6, 80),
       ('Long Brisbane', 55, 6, 120),
       ('Long Brisbane', 50, 6, 120),
       ('Long Brisbane', 45, 6, 80),
       ('Brisbane', 60, 6, 120),
       ('Brisbane', 55, 6, 120),
       ('Brisbane', 50, 6, 80),
       ('Adelaide', 70, 6, 120),
       ('Adelaide', 60, 6, 120),
       ('Adelaide', 50, 6, 80),
       ('Short Adelaide', 90, 6, 120),
       ('Short Adelaide', 70, 6, 120),
       ('WA60/1440', 45, 6, 120),
       ('WA60/1440', 40, 6, 120),
       ('WA60/1440', 35, 6, 80),
       ('WA55/1440', 55, 6, 120),
       ('WA55/1440', 50, 6, 120),
       ('WA55/1440', 45, 6, 80),
       ('WA50/1440', 45, 6, 120),
       ('WA50/1440', 40, 6, 120),
       ('WA50/1440', 35, 6, 80),
       ('WA45/1440', 40, 6, 120),
       ('WA45/1440', 35, 6, 120),
       ('WA45/1440', 30, 6, 80),
       ('WA40/1440', 35, 6, 120),
       ('WA40/1440', 30, 6, 120),
       ('WA40/1440', 25, 6, 80),
       ('WA3/720', 2, 6, 40),
       ('WA3/720', 1, 6, 40);

-- Insert statements for Club table
INSERT INTO Club (Name, State)
VALUES ('Northern Territory Bullseyes', 'NT'),
       ('Hunter Valley Archers', 'NT'),
       ('Great Dividing Range Archery Club', 'NT'),
       ('Outback Ochre Archers', 'NT'),
       ('Alice Springs Archery Association', 'NT'),
       ('Yabby Yards Archery Association', 'TAS'),
       ('Bunya Bullseyes', 'TAS'),
       ('Rogue Archery', 'TAS'),
       ('Bowerbird Bowmen', 'TAS'),
       ('Tasmanian Target Tribe', 'TAS'),
       ('Tuggeranong Archery Club', 'ACT'),
       ('Southlake Archers', 'ACT'),
       ('Queanbeyan Archery Club', 'ACT'),
       ('Canberra Archery Club - Kambah Field', 'ACT'),
       ('National Archery Association of Australia (NAAACT)', 'ACT'),
       ('Great Southern Archery Association', 'SA'),
       ('Kangaroo Island Archers', 'SA'),
       ('Bondi Archers Inc.', 'SA'),
       ('Yarra Bowmen Inc.', 'SA'),
       ('Barossa Valley Bowmen', 'SA'),
       ('Aussie Bow Training SA', 'SA'),
       ('Saltwater Shooters', 'SA'),
       ('Red Centre Archery Club', 'SA'),
       ('Great Southern Snipers', 'SA'),
       ('Stockton Archers', 'SA'),
       ('Outback Bullseyes', 'SA'),
       ('Moorabbin Archery Club', 'SA'),
       ('Adelaide Bush Bowmen', 'SA'),
       ('Adelaide Archery Club', 'SA'),
       ('Coral Sea Shooters', 'SA'),
       ('Boomerang Bullseyes', 'SA'),
       ('Bunyip Bush Bowmen', 'SA'),
       ('Red Centre Adelaide Archery Club', 'SA'),
       ('Kew City Bowmen', 'SA'),
       ('Desert Dingo Archery Club', 'WA'),
       ('Great Hunters Valley Archers', 'WA'),
       ('Apex Hunting', 'WA'),
       ('Wanniassa Archery Club', 'WA'),
       ('Weston Creek Archery Club', 'WA'),
       ('Stromlo Forest Archery Club', 'WA'),
       ('Emu Plains Archery Club', 'WA'),
       ('Salty Shooters', 'WA'),
       ('Coral Coast Crossbows', 'WA'),
       ('Coast Archers', 'WA'),
       ('Wattle Wanderers Archery Club', 'WA'),
       ('Cockatoo Creek Archers', 'WA'),
       ('Wattle Wanderers Archery Club', 'WA'),
       ('Barramundi Bowmen', 'WA'),
       ('Bushland Bullseye Club', 'WA'),
       ('Ironbark Archers', 'WA'),
       ('Swan River Archery Club', 'WA'),
       ('Perth Hills Archers', 'WA'),
       ('Fremantle Archery Club', 'WA'),
       ('Willow Wood Archery Club', 'WA'),
       ('Rogue Archery', 'QLD'),
       ('Mt Evelyn Archery', 'QLD'),
       ('Southern Star Shooters', 'QLD'),
       ('Kimberley Archery Society', 'QLD'),
       ('One shot One Kill', 'QLD'),
       ('Gold Rush Archery Club', 'QLD'),
       ('Gold Coast Bowmen', 'QLD'),
       ('Coastal Crest Archery Society', 'QLD'),
       ('Red Centre Queensland Archery Club', 'QLD'),
       ('Yarra Bow & Crossbow Inc.', 'QLD'),
       ('Aussie Arrow Alliance', 'QLD'),
       ('Golden Outback Archers', 'QLD'),
       ('Reefside Rangers', 'QLD'),
       ('Icathian Archers', 'QLD'),
       ('Coral Coast Crossbows Training Club', 'QLD'),
       ('Pine Ridge Archery Club', 'QLD'),
       ('Brisbane Bush Archers', 'QLD'),
       ('Sunshine State Shooters', 'QLD'),
       ('Great Barrier Bulls-eye Club', 'QLD'),
       ('Daintree Dartsmen Archery', 'QLD'),
       ('Barrier Reef Bowmen', 'QLD'),
       ('River City Rangers Archery Club', 'QLD'),
       ('Tropical Target Archers', 'QLD'),
       ('Victoria Plains Archery Club', 'VIC'),
       ('Snowy Mountains Archery Club', 'VIC'),
       ('Waverley City Archers Inc.', 'VIC'),
       ('Box Hill City Club', 'VIC'),
       ('Victoria Alps Archery Club', 'VIC'),
       ('Victoria Archery Club', 'VIC'),
       ('Barossa Bowmen', 'VIC'),
       ('Sunburnt Sky Archers', 'VIC'),
       ('Red Centre Victoria Archery Club', 'VIC'),
       ('Aussie Alps Archery Association', 'VIC'),
       ('Yarra Valley Archers', 'VIC'),
       ('Gippsland Gauntlet Archery Club', 'VIC'),
       ('Mornington Peninsula Bowmen', 'VIC'),
       ('Western Plains Archers', 'VIC'),
       ('High Country Hunters', 'VIC'),
       ('Kangaroo Point Archery Club', 'VIC'),
       ('Melbourne Marksmen Archery', 'VIC'),
       ('Dandenong Ranges Archers', 'VIC'),
       ('Murray River Archery Club', 'VIC'),
       ('Great Ocean Archers', 'VIC'),
       ('Grampians Green Arrow Club', 'VIC'),
       ('Aussie Bow Benders', 'NSW'),
       ('Outback Kangaroo Archers', 'NSW'),
       ('Sydney Harbour Archers', 'NSW'),
       ('Aussie Oak Archers', 'NSW'),
       ('Coral Coast Archers', 'NSW'),
       ('Sydney Sights Archery Society', 'NSW'),
       ('ANU Archery Club', 'NSW'),
       ('Belconnen Archery Club', 'NSW'),
       ('Gungahlin Archery Club', 'NSW'),
       ('Monaro Archers', 'NSW'),
       ('Goulburn Archery Club', 'NSW'),
       ('Bungendore Archery Club', 'NSW'),
       ('Hall Archery Club', 'NSW'),
       ('Molonglo Archery Club', 'NSW'),
       ('Sutton Archery Club', 'NSW'),
       ('Brindabella Bowmen', 'NSW'),
       ('Murrumbateman Archery Club', 'NSW'),
       ('Jerrabomberra Archery Club', 'NSW'),
       ('Aussie Archer Alliance', 'NSW'),
       ('Rainbow Archery Alliance', 'NSW'),
       ('Aussie Arrowheads Club', 'NSW'),
       ('Outback Oasis Archers', 'NSW'),
       ('Bluewater Bowmen', 'NSW'),
       ('Golden Wattle Archers', 'NSW'),
       ('Top End Target Team', 'NSW'),
       ('Valley Vista Archery Club', 'NSW'),
       ('Coastal Crest Archery Club', 'NSW'),
       ('Sydney Summit Archery Society', 'NSW'),
       ('Blue Mountains Bullseye Club', 'NSW'),
       ('Northern Rivers Archery Club', 'NSW'),
       ('Illawarra Arrows Club', 'NSW'),
       ('Southern Highlands Shooters', 'NSW'),
       ('Central Coast Crossbows', 'NSW'),
       ('New England Arrow Association', 'NSW'),
       ('Western Sydney Warriors', 'NSW'),
       ('Riverbank Archers', 'NSW'),
       ('Eastern Suburbs Archery Club', 'NSW');

-- Insert statements for Archer table
INSERT INTO Archer (FirstName, LastName, DOB, Gender, ClubID)
VALUES ('Blanche', 'Gieves', '1972-05-01', 'Female', 89),
       ('Celinka', 'Cowerd', '1993-04-04', 'Female', 242),
       ('Townsend', 'Fewings', '1968-10-28', 'Male', 51),
       ('Glendon', 'Medway', '1999-09-16', 'Male', 138),
       ('Inez', 'Curtin', '1981-12-05', 'Female', 100),
       ('Adey', 'Rzehor', '1983-10-17', 'Female', 125),
       ('Kelley', 'Durdan', '1972-11-25', 'Female', 69),
       ('Aleen', 'Attard', '1994-03-15', 'Female', 21),
       ('Inesita', 'MacGhee', '1997-03-14', 'Female', 15),
       ('Abigael', 'Mielnik', '1982-08-26', 'Female', 109),
       ('Christen', 'Luquet', '1992-02-06', 'Female', 166),
       ('Marjory', 'Toplin', '1999-05-20', 'Female', 156),
       ('Dunn', 'Hovard', '1981-02-27', 'Male', 9),
       ('Lorine', 'Dibbe', '1970-11-23', 'Female', 250),
       ('Dorena', 'Worman', '1988-12-30', 'Female', 127),
       ('Ramsay', 'Aubrey', '1975-12-22', 'Male', 44),
       ('Burke', 'Gladstone', '2006-08-07', 'Male', 174),
       ('Danya', 'Pitsall', '1976-09-17', 'Female', 124),
       ('Trina', 'Mennell', '1973-10-22', 'Female', 58),
       ('Mira', 'Pridham', '1972-11-03', 'Female', 186),
       ('Sallie', 'Spriggin', '1998-09-19', 'Female', 86),
       ('Arnold', 'Stoner', '2005-08-08', 'Male', 94),
       ('Conrado', 'Mount', '2001-03-08', 'Male', 121),
       ('Branden', 'Shovell', '1992-04-07', 'Male', 199),
       ('Melisande', 'Bremen', '1972-05-14', 'Female', 95),
       ('Marshal', 'Ferrick', '1964-01-20', 'Male', 89),
       ('Lilias', 'Trussell', '1984-06-02', 'Female', 211),
       ('Ira', 'Wrennall', '1994-06-29', 'Male', 100),
       ('Ernesto', 'Silbersak', '1980-06-07', 'Male', 144),
       ('Darlene', 'Venn', '1983-06-25', 'Female', 82),
       ('Shae', 'Huikerby', '2005-10-16', 'Male', 175),
       ('Millard', 'Pavlenko', '2001-04-11', 'Male', 116),
       ('Clarita', 'Zecchinii', '1997-11-20', 'Female', 77),
       ('Hank', 'Guierre', '1972-06-07', 'Male', 112),
       ('Salvador', 'Van der Velden', '1970-12-29', 'Male', 218),
       ('Lloyd', 'Chapelhow', '1960-04-03', 'Male', 27),
       ('Verile', 'Sprey', '1982-08-25', 'Female', 164),
       ('Hedi', 'Bartrop', '1968-08-07', 'Female', 16),
       ('Beaufort', 'McKeney', '1967-07-28', 'Male', 21),
       ('Kare', 'Knatt', '1992-05-27', 'Female', 21),
       ('Ralina', 'Hawtry', '1996-02-09', 'Female', 26),
       ('Cherrita', 'Forty', '2004-12-05', 'Female', 232),
       ('Cathyleen', 'Mapam', '2001-08-26', 'Female', 180),
       ('Teador', 'Ayris', '1983-06-14', 'Male', 176),
       ('Dilan', 'Butner', '1971-07-19', 'Male', 48),
       ('Wat', 'Enion', '1968-01-19', 'Male', 79),
       ('Gayelord', 'Chalmers', '1991-04-30', 'Male', 135),
       ('Homer', 'Veighey', '1969-04-02', 'Male', 86),
       ('Vladimir', 'Amerighi', '1986-04-10', 'Male', 46),
       ('Dotti', 'Dankersley', '1968-09-30', 'Female', 81),
       ('Natala', 'Crawford', '1981-03-21', 'Female', 96),
       ('Tillie', 'Gatenby', '1997-04-22', 'Female', 5),
       ('Niccolo', 'Larmett', '1996-07-19', 'Male', 166),
       ('Karita', 'Sima', '1983-11-12', 'Female', 220),
       ('Janis', 'Devin', '1969-08-16', 'Female', 72),
       ('Donnell', 'Yepiskopov', '1963-08-22', 'Male', 182),
       ('Jeralee', 'Kopfen', '1975-11-26', 'Female', 245),
       ('Rosalynd', 'Sherringham', '1982-02-22', 'Female', 188),
       ('Tamas', 'Janson', '1967-08-11', 'Male', 15),
       ('Gwenette', 'Eloy', '1987-09-22', 'Female', 102),
       ('Sibeal', 'Menear', '1962-06-07', 'Female', 229),
       ('Lorelei', 'Bernardez', '1974-10-25', 'Female', 76),
       ('Celeste', 'Daniau', '1965-03-13', 'Female', 11),
       ('Taite', 'Gelardi', '1975-06-03', 'Male', 154),
       ('Sidonnie', 'Sutterby', '1975-01-15', 'Female', 136),
       ('Jeanna', 'Bagley', '1992-12-18', 'Female', 190),
       ('Brigg', 'Illem', '1979-08-11', 'Male', 67),
       ('Stacy', 'Corby', '1964-06-09', 'Male', 204),
       ('Jerald', 'Singh', '1989-01-14', 'Male', 107),
       ('Vladamir', 'Borrell', '2004-10-28', 'Male', 63),
       ('Donny', 'Timbridge', '1999-03-18', 'Male', 149),
       ('Rhetta', 'Carvil', '1967-12-26', 'Female', 7),
       ('Marnie', 'Meneely', '1993-05-03', 'Female', 210),
       ('Mackenzie', 'Larham', '1984-01-08', 'Male', 142),
       ('Aylmer', 'Myford', '1996-11-17', 'Male', 193),
       ('Konstanze', 'Pringer', '1980-08-10', 'Female', 114),
       ('Fabiano', 'Hutcheon', '1976-12-08', 'Male', 76),
       ('Goldina', 'Jennison', '1978-06-25', 'Female', 119),
       ('Ernest', 'Crankhorn', '2002-01-08', 'Male', 180),
       ('Caron', 'O''Heagertie', '1985-04-12', 'Female', 82),
       ('Venus', 'Ladloe', '1965-11-14', 'Female', 18),
       ('Ronni', 'Ander', '1973-01-16', 'Female', 17),
       ('Cassandry', 'Dunstone', '2003-02-20', 'Female', 90),
       ('Fremont', 'Scimone', '1975-04-21', 'Male', 9),
       ('Gerty', 'Wernher', '1989-06-18', 'Female', 52),
       ('Mohandis', 'Baline', '1992-08-05', 'Male', 176),
       ('Debora', 'Adamson', '2007-04-24', 'Female', 15),
       ('Harlan', 'Vallantine', '1994-09-16', 'Male', 135),
       ('Mar', 'Downing', '1973-01-29', 'Male', 139),
       ('Emilio', 'Ricardet', '1986-04-14', 'Male', 149),
       ('Felike', 'Sreenan', '1989-11-10', 'Male', 197),
       ('Pauli', 'De-Ville', '1993-02-03', 'Female', 160),
       ('Ruby', 'Freear', '1965-05-06', 'Female', 84),
       ('Pearl', 'Burrus', '1993-02-04', 'Female', 145),
       ('Maisie', 'Blackford', '1971-01-11', 'Female', 250),
       ('Sandy', 'Redsull', '1963-03-20', 'Female', 37),
       ('Heriberto', 'Taillant', '1960-05-18', 'Male', 110),
       ('Torrey', 'Petchey', '2003-05-16', 'Male', 177),
       ('Nesta', 'Boshers', '1999-07-02', 'Female', 136),
       ('Lavena', 'Simanek', '1966-11-22', 'Female', 83);

-- Insert statements for RoundRecord table
INSERT INTO RoundRecord (`Date`, RoundID, Equipment, ArcherID)
VALUES ('2005-07-12', 23, 'Recurve', 45),
       ('1998-03-25', 12, 'Compound', 76),
       ('2010-08-05', 38, 'Recurve Barebow', 29),
       ('1995-11-18', 7, 'Compound Barebow', 83),
       ('2002-09-30', 19, 'Longbow', 51),
       ('1988-12-04', 5, 'Recurve', 64),
       ('2015-04-21', 43, 'Compound', 92),
       ('1985-06-17', 29, 'Recurve Barebow', 17),
       ('2008-10-09', 36, 'Compound Barebow', 88),
       ('2000-02-14', 15, 'Longbow', 73),
       ('1992-05-28', 9, 'Recurve', 35),
       ('2019-11-01', 49, 'Compound', 47),
       ('1982-09-10', 35, 'Recurve Barebow', 96),
       ('2007-01-23', 22, 'Compound Barebow', 12),
       ('2012-06-07', 40, 'Longbow', 68),
       ('1996-10-15', 16, 'Recurve', 24),
       ('2004-03-29', 45, 'Compound', 57),
       ('1989-07-03', 2, 'Recurve Barebow', 87),
       ('2016-09-18', 33, 'Compound Barebow', 62),
       ('1999-01-11', 11, 'Longbow', 39),
       ('1990-04-05', 27, 'Recurve', 98),
       ('2017-12-12', 47, 'Compound', 21),
       ('1983-11-27', 31, 'Recurve Barebow', 74),
       ('2009-05-03', 25, 'Compound Barebow', 54),
       ('2001-07-19', 17, 'Longbow', 82),
       ('1993-02-22', 6, 'Recurve', 32),
       ('2014-08-14', 42, 'Compound', 69),
       ('1986-12-30', 28, 'Recurve Barebow', 93),
       ('2006-02-10', 21, 'Compound Barebow', 16),
       ('2011-05-27', 39, 'Longbow', 48),
       ('1997-09-04', 18, 'Recurve', 78),
       ('2003-01-17', 44, 'Compound', 97),
       ('1991-03-13', 34, 'Recurve Barebow', 31),
       ('2018-06-26', 46, 'Compound Barebow', 72),
       ('1984-07-08', 32, 'Longbow', 19),
       ('2013-12-01', 48, 'Recurve', 61),
       ('2000-08-25', 9, 'Compound', 44),
       ('1996-02-09', 25, 'Recurve Barebow', 79),
       ('2019-04-04', 42, 'Compound Barebow', 28),
       ('1981-10-22', 41, 'Longbow', 85),
       ('2007-03-07', 7, 'Recurve', 56),
       ('2014-10-11', 24, 'Compound', 95),
       ('1987-01-14', 10, 'Recurve Barebow', 63),
       ('2010-06-23', 36, 'Compound Barebow', 13),
       ('1994-12-05', 27, 'Longbow', 71),
       ('2008-02-19', 15, 'Recurve', 23),
       ('2001-11-04', 43, 'Compound', 91),
       ('1989-03-01', 8, 'Recurve Barebow', 37),
       ('2016-04-17', 38, 'Compound Barebow', 86),
       ('1998-07-12', 19, 'Longbow', 53),
       ('2004-11-25', 29, 'Recurve', 18),
       ('1985-03-10', 45, 'Compound', 65),
       ('2015-08-31', 11, 'Recurve Barebow', 94),
       ('1982-12-14', 22, 'Compound Barebow', 22),
       ('2009-05-20', 40, 'Longbow', 38),
       ('1991-07-03', 16, 'Recurve', 89),
       ('2018-10-08', 47, 'Compound', 59),
       ('1988-02-25', 35, 'Recurve Barebow', 15),
       ('2005-06-10', 21, 'Compound Barebow', 81),
       ('1997-08-13', 39, 'Longbow', 26),
       ('2012-01-27', 48, 'Recurve', 52),
       ('1990-04-20', 6, 'Compound', 14),
       ('2017-07-03', 23, 'Recurve Barebow', 67),
       ('1983-10-03', 42, 'Compound Barebow', 46),
       ('2006-11-17', 9, 'Longbow', 99),
       ('1993-05-31', 29, 'Recurve', 34),
       ('2014-02-14', 45, 'Compound', 58),
       ('1980-08-24', 8, 'Recurve Barebow', 75),
       ('2002-12-07', 38, 'Compound Barebow', 33),
       ('2019-05-15', 24, 'Longbow', 77),
       ('1986-07-01', 16, 'Recurve', 55),
       ('2007-09-26', 47, 'Compound', 66),
       ('1995-01-09', 35, 'Recurve Barebow', 27),
       ('2016-02-03', 21, 'Compound Barebow', 92),
       ('1984-11-14', 39, 'Longbow', 41),
       ('2003-03-30', 48, 'Recurve', 49),
       ('1998-07-25', 9, 'Compound', 80),
       ('2015-11-18', 25, 'Recurve Barebow', 36),
       ('1981-05-02', 42, 'Compound Barebow', 20),
       ('2010-09-15', 24, 'Longbow', 84),
       ('1989-12-19', 10, 'Recurve', 70),
       ('2004-05-05', 47, 'Compound', 25),
       ('1991-08-20', 38, 'Recurve Barebow', 90),
       ('2018-01-13', 22, 'Compound Barebow', 11),
       ('1986-04-06', 39, 'Longbow', 50),
       ('2007-11-30', 16, 'Recurve', 30),
       ('1994-02-13', 45, 'Compound', 60),
       ('2013-05-17', 8, 'Recurve Barebow', 40),
       ('1980-10-27', 36, 'Compound Barebow', 74),
       ('2005-01-09', 23, 'Longbow', 57),
       ('1998-06-23', 11, 'Recurve', 18),
       ('2015-09-08', 29, 'Compound', 88),
       ('1982-02-04', 35, 'Recurve Barebow', 21),
       ('2009-04-20', 38, 'Compound Barebow', 66),
       ('1987-07-09', 24, 'Longbow', 83),
       ('2006-11-27', 7, 'Recurve', 49),
       ('1993-10-10', 42, 'Compound', 96),
       ('2014-03-25', 16, 'Recurve Barebow', 19),
       ('1980-12-23', 39, 'Compound Barebow', 72),
       ('2001-05-14', 25, 'Longbow', 15),
       ('1994-11-07', 16, 'Recurve', 62),
       ('2013-03-20', 42, 'Compound', 28),
       ('1986-02-10', 8, 'Recurve Barebow', 85),
       ('2007-09-05', 24, 'Compound Barebow', 69),
       ('1990-07-25', 39, 'Longbow', 32),
       ('2017-01-18', 16, 'Recurve', 61),
       ('1983-04-03', 45, 'Compound', 47),
       ('2004-01-27', 23, 'Recurve Barebow', 22),
       ('1998-10-20', 38, 'Compound Barebow', 68),
       ('2015-06-12', 24, 'Longbow', 87),
       ('1981-08-15', 11, 'Recurve', 26),
       ('2008-11-01', 42, 'Compound', 51),
       ('1992-01-25', 35, 'Recurve Barebow', 81),
       ('2019-08-14', 21, 'Compound Barebow', 13),
       ('1987-12-08', 39, 'Longbow', 71),
       ('2006-03-25', 16, 'Recurve', 98),
       ('1993-08-08', 42, 'Compound', 24),
       ('2014-01-01', 29, 'Recurve Barebow', 47),
       ('1980-06-02', 39, 'Compound Barebow', 97),
       ('2001-10-17', 25, 'Longbow', 19),
       ('1994-03-01', 16, 'Recurve', 68),
       ('2013-06-24', 42, 'Compound', 55),
       ('1986-08-03', 8, 'Recurve Barebow', 66),
       ('2007-10-28', 24, 'Compound Barebow', 83),
       ('1990-11-19', 39, 'Longbow', 15),
       ('2017-02-10', 16, 'Recurve', 62),
       ('1983-05-04', 45, 'Compound', 28),
       ('2004-02-27', 23, 'Recurve Barebow', 87),
       ('1998-11-12', 38, 'Compound Barebow', 32),
       ('2015-07-18', 24, 'Longbow', 61),
       ('1981-09-10', 11, 'Recurve', 49),
       ('2008-12-23', 42, 'Compound', 95),
       ('1992-02-14', 35, 'Recurve Barebow', 18),
       ('2019-09-06', 21, 'Compound Barebow', 72),
       ('1987-12-30', 39, 'Longbow', 25),
       ('2006-04-17', 16, 'Recurve', 82),
       ('1993-09-10', 42, 'Compound', 31),
       ('2014-01-31', 29, 'Recurve Barebow', 96),
       ('1980-06-20', 39, 'Compound Barebow', 54),
       ('2001-11-06', 25, 'Longbow', 89),
       ('1994-03-23', 16, 'Recurve', 37),
       ('2013-07-16', 42, 'Compound', 20),
       ('1986-08-17', 8, 'Recurve Barebow', 47),
       ('2007-11-09', 24, 'Compound Barebow', 86),
       ('1990-11-01', 39, 'Longbow', 40),
       ('2017-02-25', 16, 'Recurve', 84),
       ('1983-05-16', 45, 'Compound', 57),
       ('2004-03-10', 23, 'Recurve Barebow', 63),
       ('1998-11-24', 38, 'Compound Barebow', 26),
       ('2015-08-03', 24, 'Longbow', 19),
       ('1981-09-25', 11, 'Recurve', 55),
       ('2008-12-06', 42, 'Compound', 38),
       ('1992-02-27', 35, 'Recurve Barebow', 93),
       ('2019-09-21', 21, 'Compound Barebow', 16),
       ('1987-01-14', 39, 'Longbow', 73),
       ('2006-05-04', 16, 'Recurve', 81),
       ('1993-09-25', 42, 'Compound', 19),
       ('2014-02-13', 29, 'Recurve Barebow', 85),
       ('1980-06-29', 39, 'Compound Barebow', 52),
       ('2001-11-18', 25, 'Longbow', 97),
       ('1994-04-08', 16, 'Recurve', 45),
       ('2013-07-31', 42, 'Compound', 64),
       ('1986-09-02', 8, 'Recurve Barebow', 22),
       ('2007-11-24', 24, 'Compound Barebow', 72),
       ('1990-11-16', 39, 'Longbow', 68),
       ('2017-03-10', 16, 'Recurve', 57),
       ('1983-05-28', 45, 'Compound', 31),
       ('2004-03-25', 23, 'Recurve Barebow', 74),
       ('1998-12-08', 38, 'Compound Barebow', 42),
       ('2015-08-18', 24, 'Longbow', 25),
       ('1981-10-10', 11, 'Recurve', 84),
       ('2008-12-21', 42, 'Compound', 69),
       ('1992-03-15', 35, 'Recurve Barebow', 47),
       ('2019-10-05', 21, 'Compound Barebow', 98),
       ('1987-01-29', 39, 'Longbow', 31),
       ('2006-05-20', 16, 'Recurve', 69),
       ('1993-10-05', 42, 'Compound', 63),
       ('2014-03-08', 29, 'Recurve Barebow', 85),
       ('1980-07-08', 39, 'Compound Barebow', 14),
       ('2001-11-28', 25, 'Longbow', 72),
       ('1994-04-23', 16, 'Recurve', 68),
       ('2013-08-15', 42, 'Compound', 32),
       ('1986-09-17', 8, 'Recurve Barebow', 96),
       ('2007-12-09', 24, 'Compound Barebow', 56),
       ('1990-11-28', 39, 'Longbow', 82),
       ('2017-03-26', 16, 'Recurve', 74),
       ('1983-06-09', 45, 'Compound', 91),
       ('2004-04-09', 23, 'Recurve Barebow', 28),
       ('1998-12-24', 38, 'Compound Barebow', 51),
       ('2015-08-31', 24, 'Longbow', 33),
       ('1981-10-25', 11, 'Recurve', 18),
       ('2008-12-29', 42, 'Compound', 67),
       ('1992-03-30', 35, 'Recurve Barebow', 92),
       ('2019-10-20', 21, 'Compound Barebow', 15),
       ('1987-02-13', 39, 'Longbow', 47),
       ('2006-06-05', 16, 'Recurve', 81),
       ('1993-10-20', 42, 'Compound', 28),
       ('2014-03-23', 29, 'Recurve Barebow', 68),
       ('1980-07-24', 39, 'Compound Barebow', 32),
       ('2001-12-13', 25, 'Longbow', 47);

-- Insert statements for Arrow table
INSERT INTO Arrow (RoundRecordID, PertainingEnd, Score)
VALUES (1, 1, 10),
       (1, 2, 9),
       (1, 3, 7),
       (1, 4, 5),
       (1, 5, 3),
       (1, 6, 1),
       (2, 1, 8),
       (2, 2, 6),
       (2, 3, 4),
       (2, 4, 2),
       (2, 5, 9),
       (2, 6, 7),
       (3, 1, 3),
       (3, 2, 1),
       (3, 3, 10),
       (3, 4, 8),
       (3, 5, 6),
       (3, 6, 4),
       (4, 1, 2),
       (4, 2, 9),
       (4, 3, 7),
       (4, 4, 5),
       (4, 5, 3),
       (4, 6, 1),
       (5, 1, 6),
       (5, 2, 4),
       (5, 3, 2),
       (5, 4, 9),
       (5, 5, 7),
       (5, 6, 5),
       (6, 1, 1),
       (6, 2, 10),
       (6, 3, 8),
       (6, 4, 6),
       (6, 5, 4),
       (6, 6, 2),
       (7, 1, 7),
       (7, 2, 5),
       (7, 3, 3),
       (7, 4, 1),
       (7, 5, 8),
       (7, 6, 6),
       (8, 1, 9),
       (8, 2, 7),
       (8, 3, 5),
       (8, 4, 3),
       (8, 5, 1),
       (8, 6, 10),
       (9, 1, 4),
       (9, 2, 2),
       (9, 3, 9),
       (9, 4, 7),
       (9, 5, 5),
       (9, 6, 3),
       (10, 1, 8),
       (10, 2, 6),
       (10, 3, 4),
       (10, 4, 2),
       (10, 5, 9),
       (10, 6, 7),
       (11, 1, 3),
       (11, 2, 1),
       (11, 3, 10),
       (11, 4, 8),
       (11, 5, 6),
       (11, 6, 4),
       (12, 1, 2),
       (12, 2, 9),
       (12, 3, 7),
       (12, 4, 5),
       (12, 5, 3),
       (12, 6, 1),
       (13, 1, 6),
       (13, 2, 4),
       (13, 3, 2),
       (13, 4, 9),
       (13, 5, 7),
       (13, 6, 5),
       (14, 1, 1),
       (14, 2, 10),
       (14, 3, 8),
       (14, 4, 6),
       (14, 5, 4),
       (14, 6, 2),
       (15, 1, 7),
       (15, 2, 5),
       (15, 3, 3),
       (15, 4, 1),
       (15, 5, 8),
       (15, 6, 6),
       (16, 1, 9),
       (16, 2, 7),
       (16, 3, 5),
       (16, 4, 3),
       (16, 5, 1),
       (16, 6, 10),
       (17, 1, 4),
       (17, 2, 2),
       (17, 3, 9),
       (17, 4, 7),
       (17, 5, 5),
       (17, 6, 3),
       (18, 1, 8),
       (18, 2, 6),
       (18, 3, 4),
       (18, 4, 2),
       (18, 5, 9),
       (18, 6, 7),
       (19, 1, 3),
       (19, 2, 1),
       (19, 3, 10),
       (19, 4, 8),
       (19, 5, 6),
       (19, 6, 4),
       (20, 1, 2),
       (20, 2, 9),
       (20, 3, 7),
       (20, 4, 5),
       (20, 5, 3),
       (20, 6, 1),
       (21, 1, 6),
       (21, 2, 4),
       (21, 3, 2),
       (21, 4, 9),
       (21, 5, 7),
       (21, 6, 5),
       (22, 1, 1),
       (22, 2, 10),
       (22, 3, 8),
       (22, 4, 6),
       (22, 5, 4),
       (22, 6, 2),
       (23, 1, 7),
       (23, 2, 5),
       (23, 3, 3),
       (23, 4, 1),
       (23, 5, 8),
       (23, 6, 6),
       (24, 1, 9),
       (24, 2, 7),
       (24, 3, 5),
       (24, 4, 3),
       (24, 5, 1),
       (24, 6, 10),
       (25, 1, 4),
       (25, 2, 2),
       (25, 3, 9),
       (25, 4, 7),
       (25, 5, 5),
       (25, 6, 3),
       (26, 1, 8),
       (26, 2, 6),
       (26, 3, 4),
       (26, 4, 2),
       (26, 5, 9),
       (26, 6, 7),
       (27, 1, 3),
       (27, 2, 1),
       (27, 3, 10),
       (27, 4, 8),
       (27, 5, 6),
       (27, 6, 4),
       (28, 1, 2),
       (28, 2, 9),
       (28, 3, 7),
       (28, 4, 5),
       (28, 5, 3),
       (28, 6, 1),
       (29, 1, 6),
       (29, 2, 4),
       (29, 3, 2),
       (29, 4, 9),
       (29, 5, 7),
       (29, 6, 5),
       (30, 1, 1),
       (30, 2, 10),
       (30, 3, 8),
       (30, 4, 6),
       (30, 5, 4),
       (30, 6, 2),
       (31, 1, 7),
       (31, 2, 5),
       (31, 3, 3),
       (31, 4, 1),
       (31, 5, 8),
       (31, 6, 6),
       (32, 1, 9),
       (32, 2, 7),
       (32, 3, 5),
       (32, 4, 3),
       (32, 5, 1),
       (32, 6, 10),
       (33, 1, 4),
       (33, 2, 2),
       (33, 3, 9),
       (33, 4, 7),
       (33, 5, 5),
       (33, 6, 3),
       (34, 1, 8),
       (34, 2, 6),
       (34, 3, 4),
       (34, 4, 2),
       (34, 5, 9),
       (34, 6, 7),
       (35, 1, 3),
       (35, 2, 1),
       (35, 3, 10),
       (35, 4, 8),
       (35, 5, 6),
       (35, 6, 4),
       (36, 1, 2),
       (36, 2, 9),
       (36, 3, 7),
       (36, 4, 5),
       (36, 5, 3),
       (36, 6, 1),
       (37, 1, 6),
       (37, 2, 4),
       (37, 3, 2),
       (37, 4, 9),
       (37, 5, 7),
       (37, 6, 5),
       (38, 1, 1),
       (38, 2, 10),
       (38, 3, 8),
       (38, 4, 6),
       (38, 5, 4),
       (38, 6, 2),
       (39, 1, 7),
       (39, 2, 5),
       (39, 3, 3),
       (39, 4, 1),
       (39, 5, 8),
       (39, 6, 6),
       (40, 1, 9),
       (40, 2, 7),
       (40, 3, 5),
       (40, 4, 3),
       (40, 5, 1),
       (40, 6, 10),
       (41, 1, 4),
       (41, 2, 2),
       (41, 3, 9),
       (41, 4, 7),
       (41, 5, 5),
       (41, 6, 3),
       (42, 1, 8),
       (42, 2, 6),
       (42, 3, 4),
       (42, 4, 2),
       (42, 5, 9),
       (42, 6, 7),
       (43, 1, 3),
       (43, 2, 1),
       (43, 3, 10),
       (43, 4, 8),
       (43, 5, 6),
       (43, 6, 4),
       (44, 1, 2),
       (44, 2, 9),
       (44, 3, 7),
       (44, 4, 5),
       (44, 5, 3),
       (44, 6, 1),
       (45, 1, 6),
       (45, 2, 4),
       (45, 3, 2),
       (45, 4, 9),
       (45, 5, 7),
       (45, 6, 5),
       (46, 1, 1),
       (46, 2, 10),
       (46, 3, 8),
       (46, 4, 6),
       (46, 5, 4),
       (46, 6, 2),
       (47, 1, 7),
       (47, 2, 5),
       (47, 3, 3),
       (47, 4, 1),
       (47, 5, 8),
       (47, 6, 6),
       (48, 1, 9),
       (48, 2, 7),
       (48, 3, 5),
       (48, 4, 3),
       (48, 5, 1),
       (48, 6, 10),
       (49, 1, 4),
       (49, 2, 2),
       (49, 3, 9),
       (49, 4, 7),
       (49, 5, 5),
       (49, 6, 3),
       (50, 1, 8),
       (50, 2, 6),
       (50, 3, 4),
       (50, 4, 2),
       (50, 5, 9),
       (50, 6, 7),
       (51, 1, 3),
       (51, 2, 1),
       (51, 3, 10),
       (51, 4, 8),
       (51, 5, 6),
       (51, 6, 4),
       (52, 1, 2),
       (52, 2, 9),
       (52, 3, 7),
       (52, 4, 5),
       (52, 5, 3),
       (52, 6, 1),
       (53, 1, 6),
       (53, 2, 4),
       (53, 3, 2),
       (53, 4, 9),
       (53, 5, 7),
       (53, 6, 5),
       (54, 1, 1),
       (54, 2, 10),
       (54, 3, 8),
       (54, 4, 6),
       (54, 5, 4),
       (54, 6, 2),
       (55, 1, 7),
       (55, 2, 5),
       (55, 3, 3),
       (55, 4, 1),
       (55, 5, 8),
       (55, 6, 6),
       (56, 1, 9),
       (56, 2, 7),
       (56, 3, 5),
       (56, 4, 3),
       (56, 5, 1),
       (56, 6, 10),
       (57, 1, 4),
       (57, 2, 2),
       (57, 3, 9),
       (57, 4, 7),
       (57, 5, 5),
       (57, 6, 3),
       (58, 1, 8),
       (58, 2, 6),
       (58, 3, 4),
       (58, 4, 2),
       (58, 5, 9),
       (58, 6, 7),
       (59, 1, 3),
       (59, 2, 1),
       (59, 3, 10),
       (59, 4, 8),
       (59, 5, 6),
       (59, 6, 4),
       (60, 1, 2),
       (60, 2, 9),
       (60, 3, 7),
       (60, 4, 5),
       (60, 5, 3),
       (60, 6, 1),
       (61, 1, 6),
       (61, 2, 4),
       (61, 3, 2),
       (61, 4, 9),
       (61, 5, 7),
       (61, 6, 5),
       (62, 1, 1),
       (62, 2, 10),
       (62, 3, 8),
       (62, 4, 6),
       (62, 5, 4),
       (62, 6, 2),
       (63, 1, 7),
       (63, 2, 5),
       (63, 3, 3),
       (63, 4, 1),
       (63, 5, 8),
       (63, 6, 6),
       (64, 1, 9),
       (64, 2, 7),
       (64, 3, 5),
       (64, 4, 3),
       (64, 5, 1),
       (64, 6, 10),
       (65, 1, 4),
       (65, 2, 2),
       (65, 3, 9),
       (65, 4, 7),
       (65, 5, 5),
       (65, 6, 3),
       (66, 1, 8),
       (66, 2, 6),
       (66, 3, 4),
       (66, 4, 2),
       (66, 5, 9),
       (66, 6, 7),
       (67, 1, 3),
       (67, 2, 1),
       (67, 3, 10),
       (67, 4, 8),
       (67, 5, 6),
       (67, 6, 4),
       (68, 1, 2),
       (68, 2, 9),
       (68, 3, 7),
       (68, 4, 5),
       (68, 5, 3),
       (68, 6, 1),
       (69, 1, 6),
       (69, 2, 4),
       (69, 3, 2),
       (69, 4, 9),
       (69, 5, 7),
       (69, 6, 5),
       (70, 1, 1),
       (70, 2, 10),
       (70, 3, 8),
       (70, 4, 6),
       (70, 5, 4),
       (70, 6, 2),
       (71, 1, 7),
       (71, 2, 5),
       (71, 3, 3),
       (71, 4, 1),
       (71, 5, 8),
       (71, 6, 6),
       (72, 1, 9),
       (72, 2, 7),
       (72, 3, 5),
       (72, 4, 3),
       (72, 5, 1),
       (72, 6, 10),
       (73, 1, 4),
       (73, 2, 2),
       (73, 3, 9),
       (73, 4, 7),
       (73, 5, 5),
       (73, 6, 3),
       (74, 1, 8),
       (74, 2, 6),
       (74, 3, 4),
       (74, 4, 2),
       (74, 5, 9),
       (74, 6, 7),
       (75, 1, 3),
       (75, 2, 1),
       (75, 3, 10),
       (75, 4, 8),
       (75, 5, 6),
       (75, 6, 4),
       (76, 1, 2),
       (76, 2, 9),
       (76, 3, 7),
       (76, 4, 5),
       (76, 5, 3),
       (76, 6, 1),
       (77, 1, 6),
       (77, 2, 4),
       (77, 3, 2),
       (77, 4, 9),
       (77, 5, 7),
       (77, 6, 5),
       (78, 1, 1),
       (78, 2, 10),
       (78, 3, 8),
       (78, 4, 6),
       (78, 5, 4),
       (78, 6, 2),
       (79, 1, 7),
       (79, 2, 5),
       (79, 3, 3),
       (79, 4, 1),
       (79, 5, 8),
       (79, 6, 6),
       (80, 1, 9),
       (80, 2, 7),
       (80, 3, 5),
       (80, 4, 3),
       (80, 5, 1),
       (80, 6, 10),
       (81, 1, 4),
       (81, 2, 2),
       (81, 3, 9),
       (81, 4, 7),
       (81, 5, 5),
       (81, 6, 3),
       (82, 1, 8),
       (82, 2, 6),
       (82, 3, 4),
       (82, 4, 2),
       (82, 5, 9),
       (82, 6, 7),
       (83, 1, 3),
       (83, 2, 1),
       (83, 3, 10),
       (83, 4, 8),
       (83, 5, 6),
       (83, 6, 4),
       (84, 1, 2),
       (84, 2, 9),
       (84, 3, 7),
       (84, 4, 5),
       (84, 5, 3),
       (84, 6, 1),
       (85, 1, 6),
       (85, 2, 4),
       (85, 3, 2),
       (85, 4, 9),
       (85, 5, 7),
       (85, 6, 5),
       (86, 1, 1),
       (86, 2, 10),
       (86, 3, 8),
       (86, 4, 6),
       (86, 5, 4),
       (86, 6, 2),
       (87, 1, 7),
       (87, 2, 5),
       (87, 3, 3),
       (87, 4, 1),
       (87, 5, 8),
       (87, 6, 6),
       (88, 1, 9),
       (88, 2, 7),
       (88, 3, 5),
       (88, 4, 3),
       (88, 5, 1),
       (88, 6, 10),
       (89, 1, 4),
       (89, 2, 2),
       (89, 3, 9),
       (89, 4, 7),
       (89, 5, 5),
       (89, 6, 3),
       (90, 1, 8),
       (90, 2, 6),
       (90, 3, 4),
       (90, 4, 2),
       (90, 5, 9),
       (90, 6, 7),
       (91, 1, 3),
       (91, 2, 1),
       (91, 3, 10),
       (91, 4, 8),
       (91, 5, 6),
       (91, 6, 4),
       (92, 1, 2),
       (92, 2, 9),
       (92, 3, 7),
       (92, 4, 5),
       (92, 5, 3),
       (92, 6, 1),
       (93, 1, 6),
       (93, 2, 4),
       (93, 3, 2),
       (93, 4, 9),
       (93, 5, 7),
       (93, 6, 5),
       (94, 1, 1),
       (94, 2, 10),
       (94, 3, 8),
       (94, 4, 6),
       (94, 5, 4),
       (94, 6, 2),
       (95, 1, 7),
       (95, 2, 5),
       (95, 3, 3),
       (95, 4, 1),
       (95, 5, 8),
       (95, 6, 6),
       (96, 1, 9),
       (96, 2, 7),
       (96, 3, 5),
       (96, 4, 3),
       (96, 5, 1),
       (96, 6, 10),
       (97, 1, 4),
       (97, 2, 2),
       (97, 3, 9),
       (97, 4, 7),
       (97, 5, 5),
       (97, 6, 3),
       (98, 1, 8),
       (98, 2, 6),
       (98, 3, 4),
       (98, 4, 2),
       (98, 5, 9),
       (98, 6, 7),
       (99, 1, 3),
       (99, 2, 1),
       (99, 3, 10),
       (99, 4, 8),
       (99, 5, 6),
       (99, 6, 4),
       (100, 1, 2),
       (100, 2, 9),
       (100, 3, 7),
       (100, 4, 5),
       (100, 5, 3),
       (100, 6, 1);

-- Insert statements for CompetitionDetails table
INSERT INTO CompetitionDetails (CompetitionID, RoundID, AgeGroup, Gender, Equipment)
VALUES (8, 1, 'Open', 'Male', 'Recurve'),
       (28, 1, 'Open', 'Male', 'Compound'),
       (45, 1, 'Under 21', 'Male', 'Recurve'),
       (11, 1, 'Under 21', 'Male', 'Compound'),
       (29, 17, 'Under 21', 'Female', 'Recurve'),
       (41, 33, 'Under 21', 'Male', 'Compound'),
       (15, 22, 'Under 18', 'Male', 'Recurve Barebow'),
       (5, 48, 'Under 16', 'Female', 'Longbow'),
       (21, 19, 'Under 16', 'Male', 'Compound'),
       (18, 12, 'Under 14', 'Female', 'Recurve'),
       (49, 6, 'Under 14', 'Male', 'Compound Barebow'),
       (32, 26, 'Adult', 'Male', 'Compound Barebow'),
       (14, 3, 'Youth', 'Female', 'Recurve Barebow'),
       (16, 44, 'Junior', 'Male', 'Compound'),
       (46, 31, 'Open', 'Female', 'Longbow'),
       (40, 14, 'Open', 'Male', 'Recurve'),
       (14, 9, '50+', 'Female', 'Recurve Barebow'),
       (43, 36, '50+', 'Male', 'Recurve'),
       (31, 46, '60+', 'Female', 'Compound Barebow'),
       (1, 29, '60+', 'Male', 'Longbow'),
       (12, 37, '70+', 'Female', 'Recurve'),
       (37, 8, '70+', 'Male', 'Compound'),
       (10, 15, 'Under 21', 'Female', 'Compound Barebow'),
       (8, 35, 'Under 21', 'Male', 'Recurve Barebow'),
       (23, 23, 'Under 18', 'Male', 'Compound'),
       (49, 49, 'Under 16', 'Female', 'Recurve Barebow'),
       (22, 16, 'Under 16', 'Male', 'Longbow'),
       (36, 43, 'Under 14', 'Female', 'Compound'),
       (41, 27, 'Under 14', 'Male', 'Recurve'),
       (4, 40, 'Adult', 'Male', 'Longbow'),
       (7, 4, 'Youth', 'Female', 'Compound'),
       (31, 30, 'Junior', 'Male', 'Recurve Barebow'),
       (28, 47, 'Open', 'Female', 'Recurve'),
       (33, 21, 'Open', 'Male', 'Compound'),
       (23, 5, '50+', 'Female', 'Compound Barebow'),
       (42, 18, '50+', 'Male', 'Recurve Barebow'),
       (1, 42, '60+', 'Female', 'Recurve'),
       (34, 39, '60+', 'Male', 'Compound Barebow'),
       (22, 2, '70+', 'Female', 'Recurve Barebow'),
       (40, 20, '70+', 'Male', 'Recurve'),
       (27, 10, 'Under 21', 'Female', 'Compound'),
       (45, 24, 'Under 21', 'Male', 'Longbow'),
       (12, 34, 'Under 18', 'Male', 'Recurve Barebow'),
       (16, 32, 'Under 16', 'Female', 'Compound'),
       (6, 41, 'Under 16', 'Male', 'Recurve Barebow'),
       (2, 13, 'Under 14', 'Female', 'Longbow'),
       (25, 38, 'Under 14', 'Male', 'Recurve'),
       (35, 45, 'Adult', 'Male', 'Compound'),
       (22, 28, 'Youth', 'Female', 'Recurve Barebow'),
       (8, 11, 'Junior', 'Male', 'Compound Barebow'),
       (41, 1, 'Open', 'Female', 'Recurve'),
       (5, 50, 'Open', 'Male', 'Compound'),
       (42, 7, '50+', 'Female', 'Recurve Barebow'),
       (7, 25, '50+', 'Male', 'Longbow'),
       (16, 29, '70+', 'Female', 'Compound Barebow'),
       (37, 16, '70+', 'Male', 'Recurve'),
       (11, 35, 'Under 21', 'Female', 'Recurve'),
       (34, 18, 'Under 21', 'Male', 'Compound Barebow'),
       (25, 24, 'Under 18', 'Male', 'Compound'),
       (5, 13, 'Under 16', 'Female', 'Recurve Barebow'),
       (21, 42, 'Under 16', 'Male', 'Recurve'),
       (15, 31, 'Under 14', 'Female', 'Longbow'),
       (18, 10, 'Under 14', 'Male', 'Compound'),
       (47, 46, 'Adult', 'Male', 'Recurve'),
       (42, 30, 'Youth', 'Female', 'Compound Barebow'),
       (7, 8, 'Junior', 'Male', 'Recurve'),
       (35, 40, 'Open', 'Female', 'Longbow'),
       (29, 2, 'Open', 'Male', 'Recurve'),
       (38, 5, '50+', 'Female', 'Compound'),
       (29, 22, '50+', 'Male', 'Recurve Barebow'),
       (3, 28, '60+', 'Female', 'Longbow'),
       (31, 44, '60+', 'Male', 'Compound'),
       (32, 9, '70+', 'Female', 'Recurve Barebow'),
       (33, 47, '70+', 'Male', 'Compound Barebow'),
       (24, 15, 'Under 21', 'Female', 'Longbow'),
       (36, 4, 'Under 21', 'Male', 'Compound'),
       (27, 39, 'Under 18', 'Male', 'Recurve Barebow'),
       (14, 37, 'Under 16', 'Female', 'Longbow'),
       (48, 20, 'Under 16', 'Male', 'Compound'),
       (9, 25, 'Under 14', 'Female', 'Recurve Barebow'),
       (2, 6, 'Under 14', 'Male', 'Longbow'),
       (28, 34, 'Adult', 'Male', 'Recurve Barebow'),
       (43, 21, 'Youth', 'Female', 'Longbow'),
       (16, 11, 'Junior', 'Male', 'Recurve'),
       (46, 48, 'Open', 'Female', 'Compound Barebow'),
       (20, 26, 'Open', 'Male', 'Recurve'),
       (36, 1, '50+', 'Female', 'Recurve'),
       (14, 14, '50+', 'Male', 'Compound Barebow'),
       (19, 36, '60+', 'Female', 'Compound'),
       (37, 7, '60+', 'Male', 'Recurve Barebow');

-- Insert statements for CompetitionRecord table
INSERT INTO CompetitionRecord (RoundRecordID, CompetitionID)
VALUES (37, 25),
       (62, 18),
       (104, 44),
       (19, 3),
       (76, 36),
       (195, 2),
       (83, 13),
       (127, 46),
       (59, 9),
       (178, 32),
       (13, 14),
       (89, 41),
       (41, 31),
       (69, 21),
       (52, 38),
       (145, 45),
       (174, 48),
       (97, 29),
       (26, 17),
       (158, 6),
       (8, 28),
       (199, 49),
       (33, 50),
       (141, 10),
       (56, 24),
       (93, 34),
       (17, 22),
       (3, 7),
       (72, 40),
       (107, 1),
       (149, 15),
       (19, 13),
       (164, 12),
       (42, 2),
       (155, 43),
       (28, 4),
       (74, 23),
       (128, 8),
       (177, 30),
       (99, 35),
       (90, 25),
       (57, 5),
       (113, 47),
       (183, 39),
       (46, 19),
       (31, 11),
       (166, 42),
       (72, 33),
       (102, 16),
       (26, 27),
       (145, 26),
       (7, 20),
       (170, 3),
       (47, 1),
       (108, 48),
       (134, 45),
       (84, 29),
       (1, 14),
       (163, 10),
       (96, 22),
       (45, 44),
       (135, 35),
       (20, 38),
       (177, 5),
       (125, 31),
       (41, 24),
       (55, 32),
       (183, 9),
       (9, 18),
       (133, 49),
       (64, 36),
       (176, 4),
       (12, 42),
       (193, 11),
       (28, 8),
       (58, 23),
       (117, 7),
       (101, 21),
       (144, 40),
       (77, 2),
       (167, 13),
       (93, 28),
       (4, 17),
       (110, 6),
       (155, 19),
       (66, 34),
       (98, 16),
       (140, 25),
       (37, 47),
       (189, 15),
       (13, 50),
       (88, 26),
       (51, 30),
       (158, 37),
       (81, 39),
       (22, 20),
       (185, 3),
       (127, 1),
       (10, 48),
       (95, 45),
       (175, 29),
       (27, 14),
       (120, 10),
       (56, 22),
       (32, 44),
       (192, 35),
       (62, 38),
       (175, 5),
       (15, 31),
       (49, 24),
       (73, 32),
       (153, 9),
       (3, 18),
       (135, 49),
       (73, 36),
       (161, 4),
       (1, 42),
       (169, 11),
       (25, 8),
       (57, 23),
       (103, 7),
       (125, 21),
       (144, 40),
       (79, 2),
       (167, 13),
       (93, 28),
       (4, 17),
       (110, 6),
       (155, 19),
       (66, 34),
       (98, 16),
       (140, 25),
       (37, 47),
       (189, 15),
       (13, 50),
       (88, 26),
       (51, 30),
       (158, 37),
       (81, 39),
       (22, 20),
       (185, 3),
       (127, 1),
       (10, 48),
       (95, 45),
       (175, 29),
       (27, 14),
       (120, 10),
       (56, 22),
       (32, 44),
       (192, 35),
       (62, 38),
       (15, 49),
       (13, 11),
       (107, 50),
       (109, 46),
       (22, 39),
       (180, 25),
       (143, 8),
       (53, 48),
       (101, 29),
       (195, 20),
       (118, 4),
       (49, 18),
       (137, 41),
       (15, 13),
       (169, 12),
       (84, 2),
       (139, 43),
       (29, 5),
       (77, 23),
       (124, 15),
       (179, 30),
       (82, 35),
       (31, 26),
       (9, 21),
       (197, 38),
       (144, 10),
       (66, 22),
       (35, 44),
       (165, 33),
       (198, 16),
       (5, 27),
       (117, 37),
       (143, 4),
       (92, 42),
       (164, 11),
       (20, 8),
       (70, 23),
       (123, 7),
       (181, 21),
       (34, 40),
       (148, 2),
       (57, 13),
       (163, 28),
       (14, 17),
       (122, 6),
       (150, 19),
       (79, 34),
       (129, 16),
       (155, 25),
       (57, 47),
       (138, 15),
       (4, 50),
       (86, 26),
       (47, 30),
       (160, 37),
       (97, 39),
       (3, 20),
       (193, 3),
       (124, 1),
       (1, 48),
       (108, 45),
       (167, 29),
       (10, 14),
       (150, 10),
       (66, 22),
       (85, 44),
       (1, 35),
       (101, 38),
       (181, 5),
       (99, 31),
       (43, 24),
       (55, 32),
       (148, 9),
       (19, 18),
       (133, 49),
       (65, 36),
       (76, 4),
       (11, 42),
       (193, 11),
       (28, 8),
       (58, 23),
       (117, 7),
       (101, 21),
       (144, 40),
       (77, 2),
       (167, 13),
       (93, 28),
       (4, 17),
       (110, 6),
       (155, 19),
       (66, 34),
       (98, 16),
       (140, 25),
       (37, 47),
       (189, 15),
       (13, 50),
       (88, 26),
       (51, 30),
       (158, 37),
       (81, 39),
       (22, 20),
       (185, 3),
       (127, 1),
       (10, 48),
       (95, 45),
       (175, 29),
       (27, 14),
       (120, 10),
       (56, 22),
       (32, 44),
       (192, 35),
       (62, 38),
       (15, 49),
       (13, 11),
       (107, 50),
       (109, 46),
       (22, 39),
       (180, 25),
       (143, 8),
       (53, 48),
       (101, 29),
       (195, 20),
       (118, 4),
       (49, 18),
       (137, 41),
       (15, 13),
       (169, 12),
       (84, 2),
       (139, 43),
       (29, 5),
       (77, 23),
       (124, 15),
       (179, 30),
       (82, 35),
       (31, 26),
       (9, 21),
       (197, 38),
       (144, 10),
       (66, 22),
       (35, 44),
       (165, 33),
       (198, 16),
       (5, 27),
       (117, 37),
       (143, 4),
       (92, 42),
       (164, 11),
       (20, 8),
       (70, 23),
       (123, 7),
       (181, 21),
       (34, 40),
       (148, 2),
       (57, 13),
       (163, 28),
       (14, 17),
       (122, 6),
       (150, 19),
       (79, 34),
       (129, 16),
       (155, 25),
       (57, 47),
       (138, 15),
       (4, 50),
       (86, 26),
       (47, 30),
       (160, 37),
       (97, 39),
       (3, 20),
       (193, 3),
       (124, 1),
       (1, 48),
       (108, 45),
       (167, 29),
       (10, 14),
       (150, 10),
       (66, 22),
       (85, 44),
       (1, 35),
       (101, 38),
       (181, 5),
       (99, 31),
       (43, 24),
       (55, 32),
       (148, 9),
       (19, 18),
       (133, 49),
       (65, 36),
       (76, 4),
       (11, 42),
       (193, 11),
       (28, 8),
       (58, 23),
       (117, 7),
       (101, 21),
       (144, 40),
       (77, 2),
       (167, 13),
       (93, 28),
       (4, 17),
       (110, 6),
       (155, 19),
       (66, 34),
       (98, 16),
       (140, 25),
       (37, 47),
       (189, 15),
       (13, 50),
       (88, 26),
       (51, 30),
       (158, 37),
       (81, 39),
       (22, 20),
       (185, 3),
       (127, 1),
       (10, 48),
       (95, 45),
       (175, 29),
       (27, 14),
       (120, 10),
       (56, 22),
       (32, 44),
       (192, 35),
       (62, 38),
       (15, 49),
       (13, 11),
       (107, 50),
       (109, 46),
       (22, 39),
       (180, 25),
       (143, 8),
       (53, 48),
       (101, 29),
       (195, 20),
       (118, 4),
       (49, 18),
       (137, 41),
       (15, 13),
       (169, 12),
       (84, 2),
       (139, 43),
       (29, 5),
       (77, 23),
       (124, 15),
       (179, 30),
       (82, 35),
       (31, 26),
       (9, 21),
       (197, 38),
       (144, 10),
       (66, 22),
       (35, 44),
       (165, 33),
       (198, 16),
       (5, 27),
       (117, 37),
       (143, 4),
       (92, 42),
       (164, 11),
       (20, 8),
       (70, 23),
       (123, 7),
       (181, 21),
       (34, 40),
       (148, 2),
       (57, 13),
       (163, 28),
       (14, 17),
       (122, 6),
       (150, 19),
       (79, 34),
       (129, 16),
       (155, 25),
       (57, 47),
       (138, 15),
       (4, 50),
       (86, 26),
       (47, 30),
       (160, 37),
       (97, 39),
       (3, 20),
       (193, 3),
       (124, 1),
       (1, 48),
       (108, 45),
       (167, 29),
       (10, 14),
       (150, 10),
       (66, 22),
       (85, 44),
       (1, 35),
       (101, 38),
       (181, 5),
       (99, 31),
       (43, 24),
       (55, 32),
       (148, 9),
       (19, 18),
       (133, 49),
       (65, 36),
       (76, 4),
       (11, 42),
       (193, 11),
       (28, 8),
       (58, 23),
       (117, 7),
       (101, 21),
       (144, 40),
       (77, 2),
       (167, 13),
       (93, 28),
       (4, 17),
       (110, 6),
       (155, 19),
       (66, 34),
       (98, 16),
       (140, 25),
       (37, 47),
       (189, 15),
       (13, 50),
       (88, 26),
       (51, 30),
       (158, 37),
       (81, 39),
       (22, 20),
       (185, 3),
       (127, 1),
       (10, 48),
       (95, 45),
       (175, 29),
       (27, 14),
       (120, 10),
       (56, 22),
       (32, 44),
       (192, 35),
       (62, 38),
       (15, 49),
       (13, 11),
       (107, 50),
       (109, 46),
       (22, 39),
       (180, 25),
       (143, 8),
       (53, 48),
       (101, 29),
       (195, 20),
       (118, 4),
       (49, 18),
       (137, 41);

INSERT INTO Championship (ClubID, CompetitionID)
VALUES (1, 1),
       (56, 4),
       (122, 5),
       (150, 34),
       (70, 43),
       (126, 38),
       (111, 45),
       (35, 10),
       (43, 50),
       (23, 23),
       (19, 28),
       (116, 6),
       (92, 25),
       (82, 12),
       (92, 10);

SET
FOREIGN_KEY_CHECKS = 1;
